1,"札幌市中央区",1
2,"札幌市北区",1
3,"札幌市東区",1
4,"札幌市白石区",1
5,"札幌市豊平区",1
6,"札幌市南区",1
7,"札幌市西区",1
8,"札幌市厚別区",1
9,"札幌市手稲区",1
10,"札幌市清田区",1
11,"函館市",1
12,"小樽市",1
13,"旭川市",1
14,"室蘭市",1
15,"釧路市",1
16,"帯広市",1
17,"北見市",1
18,"夕張市",1
19,"岩見沢市",1
20,"網走市",1
21,"留萌市",1
22,"苫小牧市",1
23,"稚内市",1
24,"美唄市",1
25,"芦別市",1
26,"江別市",1
27,"赤平市",1
28,"紋別市",1
29,"士別市",1
30,"名寄市",1
31,"三笠市",1
32,"根室市",1
33,"千歳市",1
34,"滝川市",1
35,"砂川市",1
36,"歌志内市",1
37,"深川市",1
38,"富良野市",1
39,"登別市",1
40,"恵庭市",1
41,"伊達市",1
42,"北広島市",1
43,"石狩市",1
44,"北斗市",1
45,"石狩郡当別町",1
46,"石狩郡新篠津村",1
47,"松前郡松前町",1
48,"松前郡福島町",1
49,"上磯郡知内町",1
50,"上磯郡木古内町",1
51,"亀田郡七飯町",1
52,"茅部郡鹿部町",1
53,"茅部郡森町",1
54,"二海郡八雲町",1
55,"山越郡長万部町",1
56,"檜山郡江差町",1
57,"檜山郡上ノ国町",1
58,"檜山郡厚沢部町",1
59,"爾志郡乙部町",1
60,"奥尻郡奥尻町",1
61,"瀬棚郡今金町",1
62,"久遠郡せたな町",1
63,"島牧郡島牧村",1
64,"寿都郡寿都町",1
65,"寿都郡黒松内町",1
66,"磯谷郡蘭越町",1
67,"虻田郡ニセコ町",1
68,"虻田郡真狩村",1
69,"虻田郡留寿都村",1
70,"虻田郡喜茂別町",1
71,"虻田郡京極町",1
72,"虻田郡倶知安町",1
73,"岩内郡共和町",1
74,"岩内郡岩内町",1
75,"古宇郡泊村",1
76,"古宇郡神恵内村",1
77,"積丹郡積丹町",1
78,"古平郡古平町",1
79,"余市郡仁木町",1
80,"余市郡余市町",1
81,"余市郡赤井川村",1
82,"空知郡南幌町",1
83,"空知郡奈井江町",1
84,"空知郡上砂川町",1
85,"夕張郡由仁町",1
86,"夕張郡長沼町",1
87,"夕張郡栗山町",1
88,"樺戸郡月形町",1
89,"樺戸郡浦臼町",1
90,"樺戸郡新十津川町",1
91,"雨竜郡妹背牛町",1
92,"雨竜郡秩父別町",1
93,"雨竜郡雨竜町",1
94,"雨竜郡北竜町",1
95,"雨竜郡沼田町",1
96,"上川郡鷹栖町",1
97,"上川郡東神楽町",1
98,"上川郡当麻町",1
99,"上川郡比布町",1
100,"上川郡愛別町",1
101,"上川郡上川町",1
102,"上川郡東川町",1
103,"上川郡美瑛町",1
104,"空知郡上富良野町",1
105,"空知郡中富良野町",1
106,"空知郡南富良野町",1
107,"勇払郡占冠村",1
108,"上川郡和寒町",1
109,"上川郡剣淵町",1
110,"上川郡下川町",1
111,"中川郡美深町",1
112,"中川郡音威子府村",1
113,"中川郡中川町",1
114,"雨竜郡幌加内町",1
115,"増毛郡増毛町",1
116,"留萌郡小平町",1
117,"苫前郡苫前町",1
118,"苫前郡羽幌町",1
119,"苫前郡初山別村",1
120,"天塩郡遠別町",1
121,"天塩郡天塩町",1
122,"宗谷郡猿払村",1
123,"枝幸郡浜頓別町",1
124,"枝幸郡中頓別町",1
125,"枝幸郡枝幸町",1
126,"天塩郡豊富町",1
127,"礼文郡礼文町",1
128,"利尻郡利尻町",1
129,"利尻郡利尻富士町",1
130,"天塩郡幌延町",1
131,"網走郡美幌町",1
132,"網走郡津別町",1
133,"斜里郡斜里町",1
134,"斜里郡清里町",1
135,"斜里郡小清水町",1
136,"常呂郡訓子府町",1
137,"常呂郡置戸町",1
138,"常呂郡佐呂間町",1
139,"紋別郡遠軽町",1
140,"紋別郡湧別町",1
141,"紋別郡滝上町",1
142,"紋別郡興部町",1
143,"紋別郡西興部村",1
144,"紋別郡雄武町",1
145,"網走郡大空町",1
146,"虻田郡豊浦町",1
147,"有珠郡壮瞥町",1
148,"白老郡白老町",1
149,"勇払郡厚真町",1
150,"虻田郡洞爺湖町",1
151,"勇払郡安平町",1
152,"勇払郡むかわ町",1
153,"沙流郡日高町",1
154,"沙流郡平取町",1
155,"新冠郡新冠町",1
156,"浦河郡浦河町",1
157,"様似郡様似町",1
158,"幌泉郡えりも町",1
159,"日高郡新ひだか町",1
160,"河東郡音更町",1
161,"河東郡士幌町",1
162,"河東郡上士幌町",1
163,"河東郡鹿追町",1
164,"上川郡新得町",1
165,"上川郡清水町",1
166,"河西郡芽室町",1
167,"河西郡中札内村",1
168,"河西郡更別村",1
169,"広尾郡大樹町",1
170,"広尾郡広尾町",1
171,"中川郡幕別町",1
172,"中川郡池田町",1
173,"中川郡豊頃町",1
174,"中川郡本別町",1
175,"足寄郡足寄町",1
176,"足寄郡陸別町",1
177,"十勝郡浦幌町",1
178,"釧路郡釧路町",1
179,"厚岸郡厚岸町",1
180,"厚岸郡浜中町",1
181,"川上郡標茶町",1
182,"川上郡弟子屈町",1
183,"阿寒郡鶴居村",1
184,"白糠郡白糠町",1
185,"野付郡別海町",1
186,"標津郡中標津町",1
187,"標津郡標津町",1
188,"目梨郡羅臼町",1
189,"青森市",2
190,"弘前市",2
191,"八戸市",2
192,"黒石市",2
193,"五所川原市",2
194,"十和田市",2
195,"三沢市",2
196,"むつ市",2
197,"つがる市",2
198,"平川市",2
199,"東津軽郡平内町",2
200,"東津軽郡今別町",2
201,"東津軽郡蓬田村",2
202,"東津軽郡外ヶ浜町",2
203,"西津軽郡鰺ヶ沢町",2
204,"西津軽郡深浦町",2
205,"中津軽郡西目屋村",2
206,"南津軽郡藤崎町",2
207,"南津軽郡大鰐町",2
208,"南津軽郡田舎館村",2
209,"北津軽郡板柳町",2
210,"北津軽郡鶴田町",2
211,"北津軽郡中泊町",2
212,"上北郡野辺地町",2
213,"上北郡七戸町",2
214,"上北郡六戸町",2
215,"上北郡横浜町",2
216,"上北郡東北町",2
217,"上北郡六ヶ所村",2
218,"上北郡おいらせ町",2
219,"下北郡大間町",2
220,"下北郡東通村",2
221,"下北郡風間浦村",2
222,"下北郡佐井村",2
223,"三戸郡三戸町",2
224,"三戸郡五戸町",2
225,"三戸郡田子町",2
226,"三戸郡南部町",2
227,"三戸郡階上町",2
228,"三戸郡新郷村",2
229,"盛岡市",3
230,"宮古市",3
231,"大船渡市",3
232,"花巻市",3
233,"北上市",3
234,"久慈市",3
235,"遠野市",3
236,"一関市",3
237,"陸前高田市",3
238,"釜石市",3
239,"二戸市",3
240,"八幡平市",3
241,"奥州市",3
242,"滝沢市",3
243,"岩手郡雫石町",3
244,"岩手郡葛巻町",3
245,"岩手郡岩手町",3
246,"紫波郡紫波町",3
247,"紫波郡矢巾町",3
248,"和賀郡西和賀町",3
249,"胆沢郡金ケ崎町",3
250,"西磐井郡平泉町",3
251,"気仙郡住田町",3
252,"上閉伊郡大槌町",3
253,"下閉伊郡山田町",3
254,"下閉伊郡岩泉町",3
255,"下閉伊郡田野畑村",3
256,"下閉伊郡普代村",3
257,"九戸郡軽米町",3
258,"九戸郡野田村",3
259,"九戸郡九戸村",3
260,"九戸郡洋野町",3
261,"二戸郡一戸町",3
262,"仙台市青葉区",4
263,"仙台市宮城野区",4
264,"仙台市若林区",4
265,"仙台市太白区",4
266,"仙台市泉区",4
267,"石巻市",4
268,"塩竈市",4
269,"気仙沼市",4
270,"白石市",4
271,"名取市",4
272,"角田市",4
273,"多賀城市",4
274,"岩沼市",4
275,"登米市",4
276,"栗原市",4
277,"東松島市",4
278,"大崎市",4
279,"刈田郡蔵王町",4
280,"刈田郡七ヶ宿町",4
281,"柴田郡大河原町",4
282,"柴田郡村田町",4
283,"柴田郡柴田町",4
284,"柴田郡川崎町",4
285,"伊具郡丸森町",4
286,"亘理郡亘理町",4
287,"亘理郡山元町",4
288,"宮城郡松島町",4
289,"宮城郡七ヶ浜町",4
290,"宮城郡利府町",4
291,"黒川郡大和町",4
292,"黒川郡大郷町",4
293,"黒川郡富谷町",4
294,"黒川郡大衡村",4
295,"加美郡色麻町",4
296,"加美郡加美町",4
297,"遠田郡涌谷町",4
298,"遠田郡美里町",4
299,"牡鹿郡女川町",4
300,"本吉郡南三陸町",4
301,"秋田市",5
302,"能代市",5
303,"横手市",5
304,"大館市",5
305,"男鹿市",5
306,"湯沢市",5
307,"鹿角市",5
308,"由利本荘市",5
309,"潟上市",5
310,"大仙市",5
311,"北秋田市",5
312,"にかほ市",5
313,"仙北市",5
314,"鹿角郡小坂町",5
315,"北秋田郡上小阿仁村",5
316,"山本郡藤里町",5
317,"山本郡三種町",5
318,"山本郡八峰町",5
319,"南秋田郡五城目町",5
320,"南秋田郡八郎潟町",5
321,"南秋田郡井川町",5
322,"南秋田郡大潟村",5
323,"仙北郡美郷町",5
324,"雄勝郡羽後町",5
325,"雄勝郡東成瀬村",5
326,"山形市",6
327,"米沢市",6
328,"鶴岡市",6
329,"酒田市",6
330,"新庄市",6
331,"寒河江市",6
332,"上山市",6
333,"村山市",6
334,"長井市",6
335,"天童市",6
336,"東根市",6
337,"尾花沢市",6
338,"南陽市",6
339,"東村山郡山辺町",6
340,"東村山郡中山町",6
341,"西村山郡河北町",6
342,"西村山郡西川町",6
343,"西村山郡朝日町",6
344,"西村山郡大江町",6
345,"北村山郡大石田町",6
346,"最上郡金山町",6
347,"最上郡最上町",6
348,"最上郡舟形町",6
349,"最上郡真室川町",6
350,"最上郡大蔵村",6
351,"最上郡鮭川村",6
352,"最上郡戸沢村",6
353,"東置賜郡高畠町",6
354,"東置賜郡川西町",6
355,"西置賜郡小国町",6
356,"西置賜郡白鷹町",6
357,"西置賜郡飯豊町",6
358,"東田川郡三川町",6
359,"東田川郡庄内町",6
360,"飽海郡遊佐町",6
361,"福島市",7
362,"会津若松市",7
363,"郡山市",7
364,"いわき市",7
365,"白河市",7
366,"須賀川市",7
367,"喜多方市",7
368,"相馬市",7
369,"二本松市",7
370,"田村市",7
371,"南相馬市",7
372,"伊達市",7
373,"本宮市",7
374,"伊達郡桑折町",7
375,"伊達郡国見町",7
376,"伊達郡川俣町",7
377,"安達郡大玉村",7
378,"岩瀬郡鏡石町",7
379,"岩瀬郡天栄村",7
380,"南会津郡下郷町",7
381,"南会津郡檜枝岐村",7
382,"南会津郡只見町",7
383,"南会津郡南会津町",7
384,"耶麻郡北塩原村",7
385,"耶麻郡西会津町",7
386,"耶麻郡磐梯町",7
387,"耶麻郡猪苗代町",7
388,"河沼郡会津坂下町",7
389,"河沼郡湯川村",7
390,"河沼郡柳津町",7
391,"大沼郡三島町",7
392,"大沼郡金山町",7
393,"大沼郡昭和村",7
394,"大沼郡会津美里町",7
395,"西白河郡西郷村",7
396,"西白河郡泉崎村",7
397,"西白河郡中島村",7
398,"西白河郡矢吹町",7
399,"東白川郡棚倉町",7
400,"東白川郡矢祭町",7
401,"東白川郡塙町",7
402,"東白川郡鮫川村",7
403,"石川郡石川町",7
404,"石川郡玉川村",7
405,"石川郡平田村",7
406,"石川郡浅川町",7
407,"石川郡古殿町",7
408,"田村郡三春町",7
409,"田村郡小野町",7
410,"双葉郡広野町",7
411,"双葉郡楢葉町",7
412,"双葉郡富岡町",7
413,"双葉郡川内村",7
414,"双葉郡大熊町",7
415,"双葉郡双葉町",7
416,"双葉郡浪江町",7
417,"双葉郡葛尾村",7
418,"相馬郡新地町",7
419,"相馬郡飯舘村",7
420,"水戸市",12
421,"日立市",12
422,"土浦市",12
423,"古河市",12
424,"石岡市",12
425,"結城市",12
426,"龍ケ崎市",12
427,"下妻市",12
428,"常総市",12
429,"常陸太田市",12
430,"高萩市",12
431,"北茨城市",12
432,"笠間市",12
433,"取手市",12
434,"牛久市",12
435,"つくば市",12
436,"ひたちなか市",12
437,"鹿嶋市",12
438,"潮来市",12
439,"守谷市",12
440,"常陸大宮市",12
441,"那珂市",12
442,"筑西市",12
443,"坂東市",12
444,"稲敷市",12
445,"かすみがうら市",12
446,"桜川市",12
447,"神栖市",12
448,"行方市",12
449,"鉾田市",12
450,"つくばみらい市",12
451,"小美玉市",12
452,"東茨城郡茨城町",12
453,"東茨城郡大洗町",12
454,"東茨城郡城里町",12
455,"那珂郡東海村",12
456,"久慈郡大子町",12
457,"稲敷郡美浦村",12
458,"稲敷郡阿見町",12
459,"稲敷郡河内町",12
460,"結城郡八千代町",12
461,"猿島郡五霞町",12
462,"猿島郡境町",12
463,"北相馬郡利根町",12
464,"宇都宮市",13
465,"足利市",13
466,"栃木市",13
467,"佐野市",13
468,"鹿沼市",13
469,"日光市",13
470,"小山市",13
471,"真岡市",13
472,"大田原市",13
473,"矢板市",13
474,"那須塩原市",13
475,"さくら市",13
476,"那須烏山市",13
477,"下野市",13
478,"河内郡上三川町",13
479,"芳賀郡益子町",13
480,"芳賀郡茂木町",13
481,"芳賀郡市貝町",13
482,"芳賀郡芳賀町",13
483,"下都賀郡壬生町",13
484,"下都賀郡野木町",13
485,"塩谷郡塩谷町",13
486,"塩谷郡高根沢町",13
487,"那須郡那須町",13
488,"那須郡那珂川町",13
489,"前橋市",14
490,"高崎市",14
491,"桐生市",14
492,"伊勢崎市",14
493,"太田市",14
494,"沼田市",14
495,"館林市",14
496,"渋川市",14
497,"藤岡市",14
498,"富岡市",14
499,"安中市",14
500,"みどり市",14
501,"北群馬郡榛東村",14
502,"北群馬郡吉岡町",14
503,"多野郡上野村",14
504,"多野郡神流町",14
505,"甘楽郡下仁田町",14
506,"甘楽郡南牧村",14
507,"甘楽郡甘楽町",14
508,"吾妻郡中之条町",14
509,"吾妻郡長野原町",14
510,"吾妻郡嬬恋村",14
511,"吾妻郡草津町",14
512,"吾妻郡高山村",14
513,"吾妻郡東吾妻町",14
514,"利根郡片品村",14
515,"利根郡川場村",14
516,"利根郡昭和村",14
517,"利根郡みなかみ町",14
518,"佐波郡玉村町",14
519,"邑楽郡板倉町",14
520,"邑楽郡明和町",14
521,"邑楽郡千代田町",14
522,"邑楽郡大泉町",14
523,"邑楽郡邑楽町",14
524,"さいたま市西区",10
525,"さいたま市北区",10
526,"さいたま市大宮区",10
527,"さいたま市見沼区",10
528,"さいたま市中央区",10
529,"さいたま市桜区",10
530,"さいたま市浦和区",10
531,"さいたま市南区",10
532,"さいたま市緑区",10
533,"さいたま市岩槻区",10
534,"川越市",10
535,"熊谷市",10
536,"川口市",10
537,"行田市",10
538,"秩父市",10
539,"所沢市",10
540,"飯能市",10
541,"加須市",10
542,"本庄市",10
543,"東松山市",10
544,"春日部市",10
545,"狭山市",10
546,"羽生市",10
547,"鴻巣市",10
548,"深谷市",10
549,"上尾市",10
550,"草加市",10
551,"越谷市",10
552,"蕨市",10
553,"戸田市",10
554,"入間市",10
555,"朝霞市",10
556,"志木市",10
557,"和光市",10
558,"新座市",10
559,"桶川市",10
560,"久喜市",10
561,"北本市",10
562,"八潮市",10
563,"富士見市",10
564,"三郷市",10
565,"蓮田市",10
566,"坂戸市",10
567,"幸手市",10
568,"鶴ヶ島市",10
569,"日高市",10
570,"吉川市",10
571,"ふじみ野市",10
572,"白岡市",10
573,"北足立郡伊奈町",10
574,"入間郡三芳町",10
575,"入間郡毛呂山町",10
576,"入間郡越生町",10
577,"比企郡滑川町",10
578,"比企郡嵐山町",10
579,"比企郡小川町",10
580,"比企郡川島町",10
581,"比企郡吉見町",10
582,"比企郡鳩山町",10
583,"比企郡ときがわ町",10
584,"秩父郡横瀬町",10
585,"秩父郡皆野町",10
586,"秩父郡長瀞町",10
587,"秩父郡小鹿野町",10
588,"秩父郡東秩父村",10
589,"児玉郡美里町",10
590,"児玉郡神川町",10
591,"児玉郡上里町",10
592,"大里郡寄居町",10
593,"南埼玉郡宮代町",10
594,"北葛飾郡杉戸町",10
595,"北葛飾郡松伏町",10
596,"千葉市中央区",11
597,"千葉市花見川区",11
598,"千葉市稲毛区",11
599,"千葉市若葉区",11
600,"千葉市緑区",11
601,"千葉市美浜区",11
602,"銚子市",11
603,"市川市",11
604,"船橋市",11
605,"館山市",11
606,"木更津市",11
607,"松戸市",11
608,"野田市",11
609,"茂原市",11
610,"成田市",11
611,"佐倉市",11
612,"東金市",11
613,"旭市",11
614,"習志野市",11
615,"柏市",11
616,"勝浦市",11
617,"市原市",11
618,"流山市",11
619,"八千代市",11
620,"我孫子市",11
621,"鴨川市",11
622,"鎌ケ谷市",11
623,"君津市",11
624,"富津市",11
625,"浦安市",11
626,"四街道市",11
627,"袖ケ浦市",11
628,"八街市",11
629,"印西市",11
630,"白井市",11
631,"富里市",11
632,"南房総市",11
633,"匝瑳市",11
634,"香取市",11
635,"山武市",11
636,"いすみ市",11
637,"大網白里市",11
638,"印旛郡酒々井町",11
639,"印旛郡栄町",11
640,"香取郡神崎町",11
641,"香取郡多古町",11
642,"香取郡東庄町",11
643,"山武郡九十九里町",11
644,"山武郡芝山町",11
645,"山武郡横芝光町",11
646,"長生郡一宮町",11
647,"長生郡睦沢町",11
648,"長生郡長生村",11
649,"長生郡白子町",11
650,"長生郡長柄町",11
651,"長生郡長南町",11
652,"夷隅郡大多喜町",11
653,"夷隅郡御宿町",11
654,"安房郡鋸南町",11
655,"千代田区",8
656,"中央区",8
657,"港区",8
658,"新宿区",8
659,"文京区",8
660,"台東区",8
661,"墨田区",8
662,"江東区",8
663,"品川区",8
664,"目黒区",8
665,"大田区",8
666,"世田谷区",8
667,"渋谷区",8
668,"中野区",8
669,"杉並区",8
670,"豊島区",8
671,"北区",8
672,"荒川区",8
673,"板橋区",8
674,"練馬区",8
675,"足立区",8
676,"葛飾区",8
677,"江戸川区",8
678,"八王子市",8
679,"立川市",8
680,"武蔵野市",8
681,"三鷹市",8
682,"青梅市",8
683,"府中市",8
684,"昭島市",8
685,"調布市",8
686,"町田市",8
687,"小金井市",8
688,"小平市",8
689,"日野市",8
690,"東村山市",8
691,"国分寺市",8
692,"国立市",8
693,"福生市",8
694,"狛江市",8
695,"東大和市",8
696,"清瀬市",8
697,"東久留米市",8
698,"武蔵村山市",8
699,"多摩市",8
700,"稲城市",8
701,"羽村市",8
702,"あきる野市",8
703,"西東京市",8
704,"西多摩郡瑞穂町",8
705,"西多摩郡日の出町",8
706,"西多摩郡檜原村",8
707,"西多摩郡奥多摩町",8
708,"大島町",8
709,"利島村",8
710,"新島村",8
711,"神津島村",8
712,"三宅島三宅村",8
713,"御蔵島村",8
714,"八丈島八丈町",8
715,"青ヶ島村",8
716,"小笠原村",8
717,"横浜市鶴見区",9
718,"横浜市神奈川区",9
719,"横浜市西区",9
720,"横浜市中区",9
721,"横浜市南区",9
722,"横浜市保土ケ谷区",9
723,"横浜市磯子区",9
724,"横浜市金沢区",9
725,"横浜市港北区",9
726,"横浜市戸塚区",9
727,"横浜市港南区",9
728,"横浜市旭区",9
729,"横浜市緑区",9
730,"横浜市瀬谷区",9
731,"横浜市栄区",9
732,"横浜市泉区",9
733,"横浜市青葉区",9
734,"横浜市都筑区",9
735,"川崎市川崎区",9
736,"川崎市幸区",9
737,"川崎市中原区",9
738,"川崎市高津区",9
739,"川崎市多摩区",9
740,"川崎市宮前区",9
741,"川崎市麻生区",9
742,"相模原市緑区",9
743,"相模原市中央区",9
744,"相模原市南区",9
745,"横須賀市",9
746,"平塚市",9
747,"鎌倉市",9
748,"藤沢市",9
749,"小田原市",9
750,"茅ヶ崎市",9
751,"逗子市",9
752,"三浦市",9
753,"秦野市",9
754,"厚木市",9
755,"大和市",9
756,"伊勢原市",9
757,"海老名市",9
758,"座間市",9
759,"南足柄市",9
760,"綾瀬市",9
761,"三浦郡葉山町",9
762,"高座郡寒川町",9
763,"中郡大磯町",9
764,"中郡二宮町",9
765,"足柄上郡中井町",9
766,"足柄上郡大井町",9
767,"足柄上郡松田町",9
768,"足柄上郡山北町",9
769,"足柄上郡開成町",9
770,"足柄下郡箱根町",9
771,"足柄下郡真鶴町",9
772,"足柄下郡湯河原町",9
773,"愛甲郡愛川町",9
774,"愛甲郡清川村",9
775,"新潟市北区",16
776,"新潟市東区",16
777,"新潟市中央区",16
778,"新潟市江南区",16
779,"新潟市秋葉区",16
780,"新潟市南区",16
781,"新潟市西区",16
782,"新潟市西蒲区",16
783,"長岡市",16
784,"三条市",16
785,"柏崎市",16
786,"新発田市",16
787,"小千谷市",16
788,"加茂市",16
789,"十日町市",16
790,"見附市",16
791,"村上市",16
792,"燕市",16
793,"糸魚川市",16
794,"妙高市",16
795,"五泉市",16
796,"上越市",16
797,"阿賀野市",16
798,"佐渡市",16
799,"魚沼市",16
800,"南魚沼市",16
801,"胎内市",16
802,"北蒲原郡聖籠町",16
803,"西蒲原郡弥彦村",16
804,"南蒲原郡田上町",16
805,"東蒲原郡阿賀町",16
806,"三島郡出雲崎町",16
807,"南魚沼郡湯沢町",16
808,"中魚沼郡津南町",16
809,"刈羽郡刈羽村",16
810,"岩船郡関川村",16
811,"岩船郡粟島浦村",16
812,"富山市",18
813,"高岡市",18
814,"魚津市",18
815,"氷見市",18
816,"滑川市",18
817,"黒部市",18
818,"砺波市",18
819,"小矢部市",18
820,"南砺市",18
821,"射水市",18
822,"中新川郡舟橋村",18
823,"中新川郡上市町",18
824,"中新川郡立山町",18
825,"下新川郡入善町",18
826,"下新川郡朝日町",18
827,"金沢市",19
828,"七尾市",19
829,"小松市",19
830,"輪島市",19
831,"珠洲市",19
832,"加賀市",19
833,"羽咋市",19
834,"かほく市",19
835,"白山市",19
836,"能美市",19
837,"野々市市",19
838,"能美郡川北町",19
839,"河北郡津幡町",19
840,"河北郡内灘町",19
841,"羽咋郡志賀町",19
842,"羽咋郡宝達志水町",19
843,"鹿島郡中能登町",19
844,"鳳珠郡穴水町",19
845,"鳳珠郡能登町",19
846,"福井市",20
847,"敦賀市",20
848,"小浜市",20
849,"大野市",20
850,"勝山市",20
851,"鯖江市",20
852,"あわら市",20
853,"越前市",20
854,"坂井市",20
855,"吉田郡永平寺町",20
856,"今立郡池田町",20
857,"南条郡南越前町",20
858,"丹生郡越前町",20
859,"三方郡美浜町",20
860,"大飯郡高浜町",20
861,"大飯郡おおい町",20
862,"三方上中郡若狭町",20
863,"甲府市",15
864,"富士吉田市",15
865,"都留市",15
866,"山梨市",15
867,"大月市",15
868,"韮崎市",15
869,"南アルプス市",15
870,"北杜市",15
871,"甲斐市",15
872,"笛吹市",15
873,"上野原市",15
874,"甲州市",15
875,"中央市",15
876,"西八代郡市川三郷町",15
877,"南巨摩郡早川町",15
878,"南巨摩郡身延町",15
879,"南巨摩郡南部町",15
880,"南巨摩郡富士川町",15
881,"中巨摩郡昭和町",15
882,"南都留郡道志村",15
883,"南都留郡西桂町",15
884,"南都留郡忍野村",15
885,"南都留郡山中湖村",15
886,"南都留郡鳴沢村",15
887,"南都留郡富士河口湖町",15
888,"北都留郡小菅村",15
889,"北都留郡丹波山村",15
890,"長野市",17
891,"松本市",17
892,"上田市",17
893,"岡谷市",17
894,"飯田市",17
895,"諏訪市",17
896,"須坂市",17
897,"小諸市",17
898,"伊那市",17
899,"駒ヶ根市",17
900,"中野市",17
901,"大町市",17
902,"飯山市",17
903,"茅野市",17
904,"塩尻市",17
905,"佐久市",17
906,"千曲市",17
907,"東御市",17
908,"安曇野市",17
909,"南佐久郡小海町",17
910,"南佐久郡川上村",17
911,"南佐久郡南牧村",17
912,"南佐久郡南相木村",17
913,"南佐久郡北相木村",17
914,"南佐久郡佐久穂町",17
915,"北佐久郡軽井沢町",17
916,"北佐久郡御代田町",17
917,"北佐久郡立科町",17
918,"小県郡青木村",17
919,"小県郡長和町",17
920,"諏訪郡下諏訪町",17
921,"諏訪郡富士見町",17
922,"諏訪郡原村",17
923,"上伊那郡辰野町",17
924,"上伊那郡箕輪町",17
925,"上伊那郡飯島町",17
926,"上伊那郡南箕輪村",17
927,"上伊那郡中川村",17
928,"上伊那郡宮田村",17
929,"下伊那郡松川町",17
930,"下伊那郡高森町",17
931,"下伊那郡阿南町",17
932,"下伊那郡阿智村",17
933,"下伊那郡平谷村",17
934,"下伊那郡根羽村",17
935,"下伊那郡下條村",17
936,"下伊那郡売木村",17
937,"下伊那郡天龍村",17
938,"下伊那郡泰阜村",17
939,"下伊那郡喬木村",17
940,"下伊那郡豊丘村",17
941,"下伊那郡大鹿村",17
942,"木曽郡上松町",17
943,"木曽郡南木曽町",17
944,"木曽郡木祖村",17
945,"木曽郡王滝村",17
946,"木曽郡大桑村",17
947,"木曽郡木曽町",17
948,"東筑摩郡麻績村",17
949,"東筑摩郡生坂村",17
950,"東筑摩郡山形村",17
951,"東筑摩郡朝日村",17
952,"東筑摩郡筑北村",17
953,"北安曇郡池田町",17
954,"北安曇郡松川村",17
955,"北安曇郡白馬村",17
956,"北安曇郡小谷村",17
957,"埴科郡坂城町",17
958,"上高井郡小布施町",17
959,"上高井郡高山村",17
960,"下高井郡山ノ内町",17
961,"下高井郡木島平村",17
962,"下高井郡野沢温泉村",17
963,"上水内郡信濃町",17
964,"上水内郡小川村",17
965,"上水内郡飯綱町",17
966,"下水内郡栄村",17
967,"岐阜市",22
968,"大垣市",22
969,"高山市",22
970,"多治見市",22
971,"関市",22
972,"中津川市",22
973,"美濃市",22
974,"瑞浪市",22
975,"羽島市",22
976,"恵那市",22
977,"美濃加茂市",22
978,"土岐市",22
979,"各務原市",22
980,"可児市",22
981,"山県市",22
982,"瑞穂市",22
983,"飛騨市",22
984,"本巣市",22
985,"郡上市",22
986,"下呂市",22
987,"海津市",22
988,"羽島郡岐南町",22
989,"羽島郡笠松町",22
990,"養老郡養老町",22
991,"不破郡垂井町",22
992,"不破郡関ケ原町",22
993,"安八郡神戸町",22
994,"安八郡輪之内町",22
995,"安八郡安八町",22
996,"揖斐郡揖斐川町",22
997,"揖斐郡大野町",22
998,"揖斐郡池田町",22
999,"本巣郡北方町",22
1000,"加茂郡坂祝町",22
1001,"加茂郡富加町",22
1002,"加茂郡川辺町",22
1003,"加茂郡七宗町",22
1004,"加茂郡八百津町",22
1005,"加茂郡白川町",22
1006,"加茂郡東白川村",22
1007,"可児郡御嵩町",22
1008,"大野郡白川村",22
1009,"静岡市葵区",23
1010,"静岡市駿河区",23
1011,"静岡市清水区",23
1012,"浜松市中区",23
1013,"浜松市東区",23
1014,"浜松市西区",23
1015,"浜松市南区",23
1016,"浜松市北区",23
1017,"浜松市浜北区",23
1018,"浜松市天竜区",23
1019,"沼津市",23
1020,"熱海市",23
1021,"三島市",23
1022,"富士宮市",23
1023,"伊東市",23
1024,"島田市",23
1025,"富士市",23
1026,"磐田市",23
1027,"焼津市",23
1028,"掛川市",23
1029,"藤枝市",23
1030,"御殿場市",23
1031,"袋井市",23
1032,"下田市",23
1033,"裾野市",23
1034,"湖西市",23
1035,"伊豆市",23
1036,"御前崎市",23
1037,"菊川市",23
1038,"伊豆の国市",23
1039,"牧之原市",23
1040,"賀茂郡東伊豆町",23
1041,"賀茂郡河津町",23
1042,"賀茂郡南伊豆町",23
1043,"賀茂郡松崎町",23
1044,"賀茂郡西伊豆町",23
1045,"田方郡函南町",23
1046,"駿東郡清水町",23
1047,"駿東郡長泉町",23
1048,"駿東郡小山町",23
1049,"榛原郡吉田町",23
1050,"榛原郡川根本町",23
1051,"周智郡森町",23
1052,"名古屋市千種区",21
1053,"名古屋市東区",21
1054,"名古屋市北区",21
1055,"名古屋市西区",21
1056,"名古屋市中村区",21
1057,"名古屋市中区",21
1058,"名古屋市昭和区",21
1059,"名古屋市瑞穂区",21
1060,"名古屋市熱田区",21
1061,"名古屋市中川区",21
1062,"名古屋市港区",21
1063,"名古屋市南区",21
1064,"名古屋市守山区",21
1065,"名古屋市緑区",21
1066,"名古屋市名東区",21
1067,"名古屋市天白区",21
1068,"豊橋市",21
1069,"岡崎市",21
1070,"一宮市",21
1071,"瀬戸市",21
1072,"半田市",21
1073,"春日井市",21
1074,"豊川市",21
1075,"津島市",21
1076,"碧南市",21
1077,"刈谷市",21
1078,"豊田市",21
1079,"安城市",21
1080,"西尾市",21
1081,"蒲郡市",21
1082,"犬山市",21
1083,"常滑市",21
1084,"江南市",21
1085,"小牧市",21
1086,"稲沢市",21
1087,"新城市",21
1088,"東海市",21
1089,"大府市",21
1090,"知多市",21
1091,"知立市",21
1092,"尾張旭市",21
1093,"高浜市",21
1094,"岩倉市",21
1095,"豊明市",21
1096,"日進市",21
1097,"田原市",21
1098,"愛西市",21
1099,"清須市",21
1100,"北名古屋市",21
1101,"弥富市",21
1102,"みよし市",21
1103,"あま市",21
1104,"長久手市",21
1105,"愛知郡東郷町",21
1106,"西春日井郡豊山町",21
1107,"丹羽郡大口町",21
1108,"丹羽郡扶桑町",21
1109,"海部郡大治町",21
1110,"海部郡蟹江町",21
1111,"海部郡飛島村",21
1112,"知多郡阿久比町",21
1113,"知多郡東浦町",21
1114,"知多郡南知多町",21
1115,"知多郡美浜町",21
1116,"知多郡武豊町",21
1117,"額田郡幸田町",21
1118,"北設楽郡設楽町",21
1119,"北設楽郡東栄町",21
1120,"北設楽郡豊根村",21
1121,"津市",24
1122,"四日市市",24
1123,"伊勢市",24
1124,"松阪市",24
1125,"桑名市",24
1126,"鈴鹿市",24
1127,"名張市",24
1128,"尾鷲市",24
1129,"亀山市",24
1130,"鳥羽市",24
1131,"熊野市",24
1132,"いなべ市",24
1133,"志摩市",24
1134,"伊賀市",24
1135,"桑名郡木曽岬町",24
1136,"員弁郡東員町",24
1137,"三重郡菰野町",24
1138,"三重郡朝日町",24
1139,"三重郡川越町",24
1140,"多気郡多気町",24
1141,"多気郡明和町",24
1142,"多気郡大台町",24
1143,"度会郡玉城町",24
1144,"度会郡度会町",24
1145,"度会郡大紀町",24
1146,"度会郡南伊勢町",24
1147,"北牟婁郡紀北町",24
1148,"南牟婁郡御浜町",24
1149,"南牟婁郡紀宝町",24
1150,"大津市",28
1151,"彦根市",28
1152,"長浜市",28
1153,"近江八幡市",28
1154,"草津市",28
1155,"守山市",28
1156,"栗東市",28
1157,"甲賀市",28
1158,"野洲市",28
1159,"湖南市",28
1160,"高島市",28
1161,"東近江市",28
1162,"米原市",28
1163,"蒲生郡日野町",28
1164,"蒲生郡竜王町",28
1165,"愛知郡愛荘町",28
1166,"犬上郡豊郷町",28
1167,"犬上郡甲良町",28
1168,"犬上郡多賀町",28
1169,"京都市北区",27
1170,"京都市上京区",27
1171,"京都市左京区",27
1172,"京都市中京区",27
1173,"京都市東山区",27
1174,"京都市下京区",27
1175,"京都市南区",27
1176,"京都市右京区",27
1177,"京都市伏見区",27
1178,"京都市山科区",27
1179,"京都市西京区",27
1180,"福知山市",27
1181,"舞鶴市",27
1182,"綾部市",27
1183,"宇治市",27
1184,"宮津市",27
1185,"亀岡市",27
1186,"城陽市",27
1187,"向日市",27
1188,"長岡京市",27
1189,"八幡市",27
1190,"京田辺市",27
1191,"京丹後市",27
1192,"南丹市",27
1193,"木津川市",27
1194,"乙訓郡大山崎町",27
1195,"久世郡久御山町",27
1196,"綴喜郡井手町",27
1197,"綴喜郡宇治田原町",27
1198,"相楽郡笠置町",27
1199,"相楽郡和束町",27
1200,"相楽郡精華町",27
1201,"相楽郡南山城村",27
1202,"船井郡京丹波町",27
1203,"与謝郡伊根町",27
1204,"与謝郡与謝野町",27
1205,"大阪市都島区",25
1206,"大阪市福島区",25
1207,"大阪市此花区",25
1208,"大阪市西区",25
1209,"大阪市港区",25
1210,"大阪市大正区",25
1211,"大阪市天王寺区",25
1212,"大阪市浪速区",25
1213,"大阪市西淀川区",25
1214,"大阪市東淀川区",25
1215,"大阪市東成区",25
1216,"大阪市生野区",25
1217,"大阪市旭区",25
1218,"大阪市城東区",25
1219,"大阪市阿倍野区",25
1220,"大阪市住吉区",25
1221,"大阪市東住吉区",25
1222,"大阪市西成区",25
1223,"大阪市淀川区",25
1224,"大阪市鶴見区",25
1225,"大阪市住之江区",25
1226,"大阪市平野区",25
1227,"大阪市北区",25
1228,"大阪市中央区",25
1229,"堺市堺区",25
1230,"堺市中区",25
1231,"堺市東区",25
1232,"堺市西区",25
1233,"堺市南区",25
1234,"堺市北区",25
1235,"堺市美原区",25
1236,"岸和田市",25
1237,"豊中市",25
1238,"池田市",25
1239,"吹田市",25
1240,"泉大津市",25
1241,"高槻市",25
1242,"貝塚市",25
1243,"守口市",25
1244,"枚方市",25
1245,"茨木市",25
1246,"八尾市",25
1247,"泉佐野市",25
1248,"富田林市",25
1249,"寝屋川市",25
1250,"河内長野市",25
1251,"松原市",25
1252,"大東市",25
1253,"和泉市",25
1254,"箕面市",25
1255,"柏原市",25
1256,"羽曳野市",25
1257,"門真市",25
1258,"摂津市",25
1259,"高石市",25
1260,"藤井寺市",25
1261,"東大阪市",25
1262,"泉南市",25
1263,"四條畷市",25
1264,"交野市",25
1265,"大阪狭山市",25
1266,"阪南市",25
1267,"三島郡島本町",25
1268,"豊能郡豊能町",25
1269,"豊能郡能勢町",25
1270,"泉北郡忠岡町",25
1271,"泉南郡熊取町",25
1272,"泉南郡田尻町",25
1273,"泉南郡岬町",25
1274,"南河内郡太子町",25
1275,"南河内郡河南町",25
1276,"南河内郡千早赤阪村",25
1277,"神戸市東灘区",26
1278,"神戸市灘区",26
1279,"神戸市兵庫区",26
1280,"神戸市長田区",26
1281,"神戸市須磨区",26
1282,"神戸市垂水区",26
1283,"神戸市北区",26
1284,"神戸市中央区",26
1285,"神戸市西区",26
1286,"姫路市",26
1287,"尼崎市",26
1288,"明石市",26
1289,"西宮市",26
1290,"洲本市",26
1291,"芦屋市",26
1292,"伊丹市",26
1293,"相生市",26
1294,"豊岡市",26
1295,"加古川市",26
1296,"赤穂市",26
1297,"西脇市",26
1298,"宝塚市",26
1299,"三木市",26
1300,"高砂市",26
1301,"川西市",26
1302,"小野市",26
1303,"三田市",26
1304,"加西市",26
1305,"篠山市",26
1306,"養父市",26
1307,"丹波市",26
1308,"南あわじ市",26
1309,"朝来市",26
1310,"淡路市",26
1311,"宍粟市",26
1312,"加東市",26
1313,"たつの市",26
1314,"川辺郡猪名川町",26
1315,"多可郡多可町",26
1316,"加古郡稲美町",26
1317,"加古郡播磨町",26
1318,"神崎郡市川町",26
1319,"神崎郡福崎町",26
1320,"神崎郡神河町",26
1321,"揖保郡太子町",26
1322,"赤穂郡上郡町",26
1323,"佐用郡佐用町",26
1324,"美方郡香美町",26
1325,"美方郡新温泉町",26
1326,"奈良市",29
1327,"大和高田市",29
1328,"大和郡山市",29
1329,"天理市",29
1330,"橿原市",29
1331,"桜井市",29
1332,"五條市",29
1333,"御所市",29
1334,"生駒市",29
1335,"香芝市",29
1336,"葛城市",29
1337,"宇陀市",29
1338,"山辺郡山添村",29
1339,"生駒郡平群町",29
1340,"生駒郡三郷町",29
1341,"生駒郡斑鳩町",29
1342,"生駒郡安堵町",29
1343,"磯城郡川西町",29
1344,"磯城郡三宅町",29
1345,"磯城郡田原本町",29
1346,"宇陀郡曽爾村",29
1347,"宇陀郡御杖村",29
1348,"高市郡高取町",29
1349,"高市郡明日香村",29
1350,"北葛城郡上牧町",29
1351,"北葛城郡王寺町",29
1352,"北葛城郡広陵町",29
1353,"北葛城郡河合町",29
1354,"吉野郡吉野町",29
1355,"吉野郡大淀町",29
1356,"吉野郡下市町",29
1357,"吉野郡黒滝村",29
1358,"吉野郡天川村",29
1359,"吉野郡野迫川村",29
1360,"吉野郡十津川村",29
1361,"吉野郡下北山村",29
1362,"吉野郡上北山村",29
1363,"吉野郡川上村",29
1364,"吉野郡東吉野村",29
1365,"和歌山市",30
1366,"海南市",30
1367,"橋本市",30
1368,"有田市",30
1369,"御坊市",30
1370,"田辺市",30
1371,"新宮市",30
1372,"紀の川市",30
1373,"岩出市",30
1374,"海草郡紀美野町",30
1375,"伊都郡かつらぎ町",30
1376,"伊都郡九度山町",30
1377,"伊都郡高野町",30
1378,"有田郡湯浅町",30
1379,"有田郡広川町",30
1380,"有田郡有田川町",30
1381,"日高郡美浜町",30
1382,"日高郡日高町",30
1383,"日高郡由良町",30
1384,"日高郡印南町",30
1385,"日高郡みなべ町",30
1386,"日高郡日高川町",30
1387,"西牟婁郡白浜町",30
1388,"西牟婁郡上富田町",30
1389,"西牟婁郡すさみ町",30
1390,"東牟婁郡那智勝浦町",30
1391,"東牟婁郡太地町",30
1392,"東牟婁郡古座川町",30
1393,"東牟婁郡北山村",30
1394,"東牟婁郡串本町",30
1395,"鳥取市",31
1396,"米子市",31
1397,"倉吉市",31
1398,"境港市",31
1399,"岩美郡岩美町",31
1400,"八頭郡若桜町",31
1401,"八頭郡智頭町",31
1402,"八頭郡八頭町",31
1403,"東伯郡三朝町",31
1404,"東伯郡湯梨浜町",31
1405,"東伯郡琴浦町",31
1406,"東伯郡北栄町",31
1407,"西伯郡日吉津村",31
1408,"西伯郡大山町",31
1409,"西伯郡南部町",31
1410,"西伯郡伯耆町",31
1411,"日野郡日南町",31
1412,"日野郡日野町",31
1413,"日野郡江府町",31
1414,"松江市",32
1415,"浜田市",32
1416,"出雲市",32
1417,"益田市",32
1418,"大田市",32
1419,"安来市",32
1420,"江津市",32
1421,"雲南市",32
1422,"仁多郡奥出雲町",32
1423,"飯石郡飯南町",32
1424,"邑智郡川本町",32
1425,"邑智郡美郷町",32
1426,"邑智郡邑南町",32
1427,"鹿足郡津和野町",32
1428,"鹿足郡吉賀町",32
1429,"隠岐郡海士町",32
1430,"隠岐郡西ノ島町",32
1431,"隠岐郡知夫村",32
1432,"隠岐郡隠岐の島町",32
1433,"岡山市北区",33
1434,"岡山市中区",33
1435,"岡山市東区",33
1436,"岡山市南区",33
1437,"倉敷市",33
1438,"津山市",33
1439,"玉野市",33
1440,"笠岡市",33
1441,"井原市",33
1442,"総社市",33
1443,"高梁市",33
1444,"新見市",33
1445,"備前市",33
1446,"瀬戸内市",33
1447,"赤磐市",33
1448,"真庭市",33
1449,"美作市",33
1450,"浅口市",33
1451,"和気郡和気町",33
1452,"都窪郡早島町",33
1453,"浅口郡里庄町",33
1454,"小田郡矢掛町",33
1455,"真庭郡新庄村",33
1456,"苫田郡鏡野町",33
1457,"勝田郡勝央町",33
1458,"勝田郡奈義町",33
1459,"英田郡西粟倉村",33
1460,"久米郡久米南町",33
1461,"久米郡美咲町",33
1462,"加賀郡吉備中央町",33
1463,"広島市中区",34
1464,"広島市東区",34
1465,"広島市南区",34
1466,"広島市西区",34
1467,"広島市安佐南区",34
1468,"広島市安佐北区",34
1469,"広島市安芸区",34
1470,"広島市佐伯区",34
1471,"呉市",34
1472,"竹原市",34
1473,"三原市",34
1474,"尾道市",34
1475,"福山市",34
1476,"府中市",34
1477,"三次市",34
1478,"庄原市",34
1479,"大竹市",34
1480,"東広島市",34
1481,"廿日市市",34
1482,"安芸高田市",34
1483,"江田島市",34
1484,"安芸郡府中町",34
1485,"安芸郡海田町",34
1486,"安芸郡熊野町",34
1487,"安芸郡坂町",34
1488,"山県郡安芸太田町",34
1489,"山県郡北広島町",34
1490,"豊田郡大崎上島町",34
1491,"世羅郡世羅町",34
1492,"神石郡神石高原町",34
1493,"下関市",35
1494,"宇部市",35
1495,"山口市",35
1496,"萩市",35
1497,"防府市",35
1498,"下松市",35
1499,"岩国市",35
1500,"光市",35
1501,"長門市",35
1502,"柳井市",35
1503,"美祢市",35
1504,"周南市",35
1505,"山陽小野田市",35
1506,"大島郡周防大島町",35
1507,"玖珂郡和木町",35
1508,"熊毛郡上関町",35
1509,"熊毛郡田布施町",35
1510,"熊毛郡平生町",35
1511,"阿武郡阿武町",35
1512,"徳島市",36
1513,"鳴門市",36
1514,"小松島市",36
1515,"阿南市",36
1516,"吉野川市",36
1517,"阿波市",36
1518,"美馬市",36
1519,"三好市",36
1520,"勝浦郡勝浦町",36
1521,"勝浦郡上勝町",36
1522,"名東郡佐那河内村",36
1523,"名西郡石井町",36
1524,"名西郡神山町",36
1525,"那賀郡那賀町",36
1526,"海部郡牟岐町",36
1527,"海部郡美波町",36
1528,"海部郡海陽町",36
1529,"板野郡松茂町",36
1530,"板野郡北島町",36
1531,"板野郡藍住町",36
1532,"板野郡板野町",36
1533,"板野郡上板町",36
1534,"美馬郡つるぎ町",36
1535,"三好郡東みよし町",36
1536,"高松市",37
1537,"丸亀市",37
1538,"坂出市",37
1539,"善通寺市",37
1540,"観音寺市",37
1541,"さぬき市",37
1542,"東かがわ市",37
1543,"三豊市",37
1544,"小豆郡土庄町",37
1545,"小豆郡小豆島町",37
1546,"木田郡三木町",37
1547,"香川郡直島町",37
1548,"綾歌郡宇多津町",37
1549,"綾歌郡綾川町",37
1550,"仲多度郡琴平町",37
1551,"仲多度郡多度津町",37
1552,"仲多度郡まんのう町",37
1553,"松山市",38
1554,"今治市",38
1555,"宇和島市",38
1556,"八幡浜市",38
1557,"新居浜市",38
1558,"西条市",38
1559,"大洲市",38
1560,"伊予市",38
1561,"四国中央市",38
1562,"西予市",38
1563,"東温市",38
1564,"越智郡上島町",38
1565,"上浮穴郡久万高原町",38
1566,"伊予郡松前町",38
1567,"伊予郡砥部町",38
1568,"喜多郡内子町",38
1569,"西宇和郡伊方町",38
1570,"北宇和郡松野町",38
1571,"北宇和郡鬼北町",38
1572,"南宇和郡愛南町",38
1573,"高知市",39
1574,"室戸市",39
1575,"安芸市",39
1576,"南国市",39
1577,"土佐市",39
1578,"須崎市",39
1579,"宿毛市",39
1580,"土佐清水市",39
1581,"四万十市",39
1582,"香南市",39
1583,"香美市",39
1584,"安芸郡東洋町",39
1585,"安芸郡奈半利町",39
1586,"安芸郡田野町",39
1587,"安芸郡安田町",39
1588,"安芸郡北川村",39
1589,"安芸郡馬路村",39
1590,"安芸郡芸西村",39
1591,"長岡郡本山町",39
1592,"長岡郡大豊町",39
1593,"土佐郡土佐町",39
1594,"土佐郡大川村",39
1595,"吾川郡いの町",39
1596,"吾川郡仁淀川町",39
1597,"高岡郡中土佐町",39
1598,"高岡郡佐川町",39
1599,"高岡郡越知町",39
1600,"高岡郡檮原町",39
1601,"高岡郡日高村",39
1602,"高岡郡津野町",39
1603,"高岡郡四万十町",39
1604,"幡多郡大月町",39
1605,"幡多郡三原村",39
1606,"幡多郡黒潮町",39
1607,"北九州市門司区",40
1608,"北九州市若松区",40
1609,"北九州市戸畑区",40
1610,"北九州市小倉北区",40
1611,"北九州市小倉南区",40
1612,"北九州市八幡東区",40
1613,"北九州市八幡西区",40
1614,"福岡市東区",40
1615,"福岡市博多区",40
1616,"福岡市中央区",40
1617,"福岡市南区",40
1618,"福岡市西区",40
1619,"福岡市城南区",40
1620,"福岡市早良区",40
1621,"大牟田市",40
1622,"久留米市",40
1623,"直方市",40
1624,"飯塚市",40
1625,"田川市",40
1626,"柳川市",40
1627,"八女市",40
1628,"筑後市",40
1629,"大川市",40
1630,"行橋市",40
1631,"豊前市",40
1632,"中間市",40
1633,"小郡市",40
1634,"筑紫野市",40
1635,"春日市",40
1636,"大野城市",40
1637,"宗像市",40
1638,"太宰府市",40
1639,"古賀市",40
1640,"福津市",40
1641,"うきは市",40
1642,"宮若市",40
1643,"嘉麻市",40
1644,"朝倉市",40
1645,"みやま市",40
1646,"糸島市",40
1647,"筑紫郡那珂川町",40
1648,"糟屋郡宇美町",40
1649,"糟屋郡篠栗町",40
1650,"糟屋郡志免町",40
1651,"糟屋郡須惠町",40
1652,"糟屋郡新宮町",40
1653,"糟屋郡久山町",40
1654,"糟屋郡粕屋町",40
1655,"遠賀郡芦屋町",40
1656,"遠賀郡水巻町",40
1657,"遠賀郡岡垣町",40
1658,"遠賀郡遠賀町",40
1659,"鞍手郡小竹町",40
1660,"鞍手郡鞍手町",40
1661,"嘉穂郡桂川町",40
1662,"朝倉郡筑前町",40
1663,"朝倉郡東峰村",40
1664,"三井郡大刀洗町",40
1665,"三潴郡大木町",40
1666,"八女郡広川町",40
1667,"田川郡香春町",40
1668,"田川郡添田町",40
1669,"田川郡糸田町",40
1670,"田川郡川崎町",40
1671,"田川郡大任町",40
1672,"田川郡赤村",40
1673,"田川郡福智町",40
1674,"京都郡苅田町",40
1675,"京都郡みやこ町",40
1676,"築上郡吉富町",40
1677,"築上郡上毛町",40
1678,"築上郡築上町",40
1679,"佐賀市",41
1680,"唐津市",41
1681,"鳥栖市",41
1682,"多久市",41
1683,"伊万里市",41
1684,"武雄市",41
1685,"鹿島市",41
1686,"小城市",41
1687,"嬉野市",41
1688,"神埼市",41
1689,"神埼郡吉野ヶ里町",41
1690,"三養基郡基山町",41
1691,"三養基郡上峰町",41
1692,"三養基郡みやき町",41
1693,"東松浦郡玄海町",41
1694,"西松浦郡有田町",41
1695,"杵島郡大町町",41
1696,"杵島郡江北町",41
1697,"杵島郡白石町",41
1698,"藤津郡太良町",41
1699,"長崎市",42
1700,"佐世保市",42
1701,"島原市",42
1702,"諫早市",42
1703,"大村市",42
1704,"平戸市",42
1705,"松浦市",42
1706,"対馬市",42
1707,"壱岐市",42
1708,"五島市",42
1709,"西海市",42
1710,"雲仙市",42
1711,"南島原市",42
1712,"西彼杵郡長与町",42
1713,"西彼杵郡時津町",42
1714,"東彼杵郡東彼杵町",42
1715,"東彼杵郡川棚町",42
1716,"東彼杵郡波佐見町",42
1717,"北松浦郡小値賀町",42
1718,"北松浦郡佐々町",42
1719,"南松浦郡新上五島町",42
1720,"熊本市中央区",43
1721,"熊本市東区",43
1722,"熊本市西区",43
1723,"熊本市南区",43
1724,"熊本市北区",43
1725,"八代市",43
1726,"人吉市",43
1727,"荒尾市",43
1728,"水俣市",43
1729,"玉名市",43
1730,"山鹿市",43
1731,"菊池市",43
1732,"宇土市",43
1733,"上天草市",43
1734,"宇城市",43
1735,"阿蘇市",43
1736,"天草市",43
1737,"合志市",43
1738,"下益城郡美里町",43
1739,"玉名郡玉東町",43
1740,"玉名郡南関町",43
1741,"玉名郡長洲町",43
1742,"玉名郡和水町",43
1743,"菊池郡大津町",43
1744,"菊池郡菊陽町",43
1745,"阿蘇郡南小国町",43
1746,"阿蘇郡小国町",43
1747,"阿蘇郡産山村",43
1748,"阿蘇郡高森町",43
1749,"阿蘇郡西原村",43
1750,"阿蘇郡南阿蘇村",43
1751,"上益城郡御船町",43
1752,"上益城郡嘉島町",43
1753,"上益城郡益城町",43
1754,"上益城郡甲佐町",43
1755,"上益城郡山都町",43
1756,"八代郡氷川町",43
1757,"葦北郡芦北町",43
1758,"葦北郡津奈木町",43
1759,"球磨郡錦町",43
1760,"球磨郡多良木町",43
1761,"球磨郡湯前町",43
1762,"球磨郡水上村",43
1763,"球磨郡相良村",43
1764,"球磨郡五木村",43
1765,"球磨郡山江村",43
1766,"球磨郡球磨村",43
1767,"球磨郡あさぎり町",43
1768,"天草郡苓北町",43
1769,"大分市",44
1770,"別府市",44
1771,"中津市",44
1772,"日田市",44
1773,"佐伯市",44
1774,"臼杵市",44
1775,"津久見市",44
1776,"竹田市",44
1777,"豊後高田市",44
1778,"杵築市",44
1779,"宇佐市",44
1780,"豊後大野市",44
1781,"由布市",44
1782,"国東市",44
1783,"東国東郡姫島村",44
1784,"速見郡日出町",44
1785,"玖珠郡九重町",44
1786,"玖珠郡玖珠町",44
1787,"宮崎市",45
1788,"都城市",45
1789,"延岡市",45
1790,"日南市",45
1791,"小林市",45
1792,"日向市",45
1793,"串間市",45
1794,"西都市",45
1795,"えびの市",45
1796,"北諸県郡三股町",45
1797,"西諸県郡高原町",45
1798,"東諸県郡国富町",45
1799,"東諸県郡綾町",45
1800,"児湯郡高鍋町",45
1801,"児湯郡新富町",45
1802,"児湯郡西米良村",45
1803,"児湯郡木城町",45
1804,"児湯郡川南町",45
1805,"児湯郡都農町",45
1806,"東臼杵郡門川町",45
1807,"東臼杵郡諸塚村",45
1808,"東臼杵郡椎葉村",45
1809,"東臼杵郡美郷町",45
1810,"西臼杵郡高千穂町",45
1811,"西臼杵郡日之影町",45
1812,"西臼杵郡五ヶ瀬町",45
1813,"鹿児島市",46
1814,"鹿屋市",46
1815,"枕崎市",46
1816,"阿久根市",46
1817,"出水市",46
1818,"指宿市",46
1819,"西之表市",46
1820,"垂水市",46
1821,"薩摩川内市",46
1822,"日置市",46
1823,"曽於市",46
1824,"霧島市",46
1825,"いちき串木野市",46
1826,"南さつま市",46
1827,"志布志市",46
1828,"奄美市",46
1829,"南九州市",46
1830,"伊佐市",46
1831,"姶良市",46
1832,"鹿児島郡三島村",46
1833,"鹿児島郡十島村",46
1834,"薩摩郡さつま町",46
1835,"出水郡長島町",46
1836,"姶良郡湧水町",46
1837,"曽於郡大崎町",46
1838,"肝属郡東串良町",46
1839,"肝属郡錦江町",46
1840,"肝属郡南大隅町",46
1841,"肝属郡肝付町",46
1842,"熊毛郡中種子町",46
1843,"熊毛郡南種子町",46
1844,"熊毛郡屋久島町",46
1845,"大島郡大和村",46
1846,"大島郡宇検村",46
1847,"大島郡瀬戸内町",46
1848,"大島郡龍郷町",46
1849,"大島郡喜界町",46
1850,"大島郡徳之島町",46
1851,"大島郡天城町",46
1852,"大島郡伊仙町",46
1853,"大島郡和泊町",46
1854,"大島郡知名町",46
1855,"大島郡与論町",46
1856,"那覇市",47
1857,"宜野湾市",47
1858,"石垣市",47
1859,"浦添市",47
1860,"名護市",47
1861,"糸満市",47
1862,"沖縄市",47
1863,"豊見城市",47
1864,"うるま市",47
1865,"宮古島市",47
1866,"南城市",47
1867,"国頭郡国頭村",47
1868,"国頭郡大宜味村",47
1869,"国頭郡東村",47
1870,"国頭郡今帰仁村",47
1871,"国頭郡本部町",47
1872,"国頭郡恩納村",47
1873,"国頭郡宜野座村",47
1874,"国頭郡金武町",47
1875,"国頭郡伊江村",47
1876,"中頭郡読谷村",47
1877,"中頭郡嘉手納町",47
1878,"中頭郡北谷町",47
1879,"中頭郡北中城村",47
1880,"中頭郡中城村",47
1881,"中頭郡西原町",47
1882,"島尻郡与那原町",47
1883,"島尻郡南風原町",47
1884,"島尻郡渡嘉敷村",47
1885,"島尻郡座間味村",47
1886,"島尻郡粟国村",47
1887,"島尻郡渡名喜村",47
1888,"島尻郡南大東村",47
1889,"島尻郡北大東村",47
1890,"島尻郡伊平屋村",47
1891,"島尻郡伊是名村",47
1892,"島尻郡久米島町",47
1893,"島尻郡八重瀬町",47
1894,"宮古郡多良間村",47
1895,"八重山郡竹富町",47
1896,"八重山郡与那国町",47
